--High school data insert
insert into highschool (name, street, city, psc) values ('Shaheed Beheshti University of Medical Sciences', '87731 Sommers Parkway', 'Hejiadong', '53-402');
insert into highschool (name, street, city, psc) values ('Hamline University', '4 Twin Pines Alley', 'Mont-Joli', '53-402');
insert into highschool (name, street, city, psc) values ('Lipeck State Technical University', '422 Ilene Lane', 'Mirów', '53-402');
insert into highschool (name, street, city, psc) values ('Chongqing Normal University', '01 Hallows Drive', 'Paulista', '53-402');
insert into highschool (name, street, city, psc) values ('Design Institute of San Diego', '490 Fulton Way', 'Barisāl', '53-402');
insert into highschool (name, street, city, psc) values ('Courtauld Institute of Art, University of London', '8 Cherokee Trail', 'Casais Brancos', '53-402');
insert into highschool (name, street, city, psc) values ('Botswana Accountancy College', '36 Kennedy Parkway', 'Ålesund', '6015');
insert into highschool (name, street, city, psc) values ('University of Northern Iowa', '9 Lerdahl Street', 'Mozhga', '445560');
insert into highschool (name, street, city, psc) values ('Eastern University of Sri Lanka', '3201 Crowley Pass', 'Kon Dơng', '53-402');
insert into highschool (name, street, city, psc) values ('Al Fashir University', '75 Monument Hill', 'Yepocapa', '04012');
insert into highschool (name, street, city, psc) values ('Lincoln Memorial University', '291 Village Hill', 'Dingshan', '53-402');
insert into highschool (name, street, city, psc) values ('Universidad Tecnologica de la Mixteca', '49 Nevada Plaza', 'Firenze', '50124');
insert into highschool (name, street, city, psc) values ('Southeastern Bible College', '66 Orin Trail', 'Itaúna', '53-402');
insert into highschool (name, street, city, psc) values ('Universidad Peruana Union', '6 Bluestem Lane', 'Paraisópolis', '53-402');
insert into highschool (name, street, city, psc) values ('Ecole Nationale d''Ingénieurs des Travaux Agricoles de Bordeaux', '1639 Warner Terrace', 'Baishigou', '53-402');
insert into highschool (name, street, city, psc) values ('Wentworth Institute of Technology', '35124 Dayton Road', 'Taipingxu', '53-402');
insert into highschool (name, street, city, psc) values ('Lagos State Polytechnic', '1381 Bluejay Pass', 'Pinellas Park', '34665');
insert into highschool (name, street, city, psc) values ('Pedagogical University of Kielce', '179 Fulton Crossing', 'Olavarría', '7400');
insert into highschool (name, street, city, psc) values ('Aletheia University', '855 Bellgrove Road', 'Severobaykal’sk', '53-402');
insert into highschool (name, street, city, psc) values ('Fern-Fachhochschule Hamburg', '7 Mcguire Crossing', 'Susanino', '53-402');
insert into highschool (name, street, city, psc) values ('Prescott College', '1604 Dixon Pass', 'Washington', '20535');
insert into highschool (name, street, city, psc) values ('St. Petersburg State Pediatric Medical Academy', '5 Prairie Rose Circle', 'Bangrat', '53-402');
insert into highschool (name, street, city, psc) values ('Central State University', '7284 Moose Trail', 'Villa Alemana', '53-402');
insert into highschool (name, street, city, psc) values ('Takarazuka University of Art and Design', '127 Michigan Alley', 'Leigongmiao', '53-402');
insert into highschool (name, street, city, psc) values ('NHL University of Applied Sciences', '70034 Eggendart Pass', 'Ilyich', '53-402');
insert into highschool (name, street, city, psc) values ('Universidad Privada Sergio Bernales', '2505 Bay Street', 'Herzliya Pituah', '53-402');
insert into highschool (name, street, city, psc) values ('University of Oklahoma', '0763 Cody Lane', 'Yara', '53-402');
insert into highschool (name, street, city, psc) values ('Dong-A University', '421 Lakewood Gardens Place', 'Guanabacoa', '53-402');
insert into highschool (name, street, city, psc) values ('William Carey College', '5 Ramsey Parkway', 'Książ Wielkopolski', '63-130');
insert into highschool (name, street, city, psc) values ('Dalarna University College', '29 Becker Way', 'Tabatinga', '53-402');
insert into highschool (name, street, city, psc) values ('Northeast Agricultural University', '77453 Melody Trail', 'Feodosiya', '53-402');
insert into highschool (name, street, city, psc) values ('Mount Kenya University', '7872 Calypso Court', 'Dahay', '9512');
insert into highschool (name, street, city, psc) values ('Moscow State University M.V. Lomonosov', '17756 Meadow Valley Parkway', 'Hongxing', '53-402');
insert into highschool (name, street, city, psc) values ('University of Turku', '17 Dennis Lane', 'Ivanovka', '102753');
insert into highschool (name, street, city, psc) values ('Kolej Universiti Insaniah', '466 Old Gate Park', 'Sungairaya', '53-402');
insert into highschool (name, street, city, psc) values ('Texas Chiropractic College', '6639 Sycamore Junction', 'Yayao', '53-402');
insert into highschool (name, street, city, psc) values ('University of Mary Hardin-Baylor', '345 Menomonie Trail', 'Água Preta', '53-402');
insert into highschool (name, street, city, psc) values ('Ashkelon Academic College', '92 Hoepker Plaza', 'Shilong', '53-402');
insert into highschool (name, street, city, psc) values ('Dr. Hari Singh Gour University, formerly University of Sagar', '761 Hooker Court', 'Cishangang', '53-402');
insert into highschool (name, street, city, psc) values ('Indiana University at South Bend', '60 1st Center', 'Calgary', 'T3S');
insert into highschool (name, street, city, psc) values ('Academy of Humanities and Economics in Lodz', '7489 Bay Way', 'Baton Rouge', '70820');
insert into highschool (name, street, city, psc) values ('Tumaini University - Iringa University College', '42248 Bobwhite Lane', 'Huddinge', '141 05');
insert into highschool (name, street, city, psc) values ('University of Engineering and Technology Taxila', '997 Troy Trail', 'Chunghwa', '53-402');
insert into highschool (name, street, city, psc) values ('Carnegie Mellon University', '73 Rusk Avenue', 'Norsborg', '145 74');
insert into highschool (name, street, city, psc) values ('European University', '5912 Nancy Parkway', 'Dobra', '72-210');
insert into highschool (name, street, city, psc) values ('Instituto Superior de Ciênicas e Tecnologia de Moçambique', '35177 Farmco Place', 'Harnoli', '42020');
insert into highschool (name, street, city, psc) values ('Marymount Manhattan College', '6742 Eagan Junction', 'Huaqiao', '53-402');
insert into highschool (name, street, city, psc) values ('Aga Khan University', '524 Reindahl Point', 'Patrocínio', '53-402');
insert into highschool (name, street, city, psc) values ('Pyongtaek University ', '4669 Sunfield Junction', 'Tekeli', '53-402');
insert into highschool (name, street, city, psc) values ('Universität Innsbruck', '10105 Crownhardt Pass', 'San Diego', '92127');

--Student data insert
insert into student (id_card, first_name, last_name, email, street, city, psc) values ('874147670', 'Océanne', 'Loveguard', 'aloveguard0@delicious.com', '34442 Dennis Way', 'Pirapora do Bom Jesus', '53-402');
insert into student (id_card, first_name, last_name, email, street, city, psc) values ('203565938', 'Marylène', 'Bahlmann', 'mbahlmann1@reuters.com', '2579 Myrtle Hill', 'Masarayao', '2513');
insert into student (id_card, first_name, last_name, email, street, city, psc) values ('529663033', 'Personnalisée', 'Leglise', 'gleglise2@skype.com', '0 Morning Point', 'Novo-Peredelkino', '143015');
insert into student (id_card, first_name, last_name, email, street, city, psc) values ('318684506', 'Pénélope', 'Alexandrou', 'jalexandrou3@sciencedirect.com', '88 Badeau Junction', 'Santol', '2516');
insert into student (id_card, first_name, last_name, email, street, city, psc) values ('912990196', 'Camélia', 'Matejovsky', 'smatejovsky4@ameblo.jp', '01 Ronald Regan Road', 'Phetchabun', '45110');
insert into student (id_card, first_name, last_name, email, street, city, psc) values ('286240217', 'Torbjörn', 'Walkling', 'fwalkling5@taobao.com', '42161 Pennsylvania Terrace', 'Campo Mourão', '53-402');
insert into student (id_card, first_name, last_name, email, street, city, psc) values ('601196128', 'Maëlle', 'Thomke', 'lthomke6@ezinearticles.com', '302 Duke Street', 'Nikki', '53-402');
insert into student (id_card, first_name, last_name, email, street, city, psc) values ('736808988', 'Mà', 'Shrimptone', 'hshrimptone7@example.com', '83978 Eagle Crest Trail', 'Bojong', '53-402');
insert into student (id_card, first_name, last_name, email, street, city, psc) values ('347329231', 'Faîtes', 'Loxton', 'kloxton8@princeton.edu', '4791 Forster Hill', 'San Antonio', '6407');
insert into student (id_card, first_name, last_name, email, street, city, psc) values ('090726706', 'Dà', 'Trenbey', 'ktrenbey9@list-manage.com', '96476 Twin Pines Hill', 'Aragarças', '53-402');
insert into student (id_card, first_name, last_name, email, street, city, psc) values ('829392824', 'Mélina', 'Maysor', 'lmaysora@eepurl.com', '5006 Novick Alley', 'Plumtree', '53-402');
insert into student (id_card, first_name, last_name, email, street, city, psc) values ('147174569', 'Garçon', 'Beney', 'hbeneyb@chicagotribune.com', '15727 Schmedeman Hill', 'Dofa', '53-402');
insert into student (id_card, first_name, last_name, email, street, city, psc) values ('669370818', 'Céline', 'Blackwell', 'eblackwellc@china.com.cn', '94014 Meadow Vale Place', 'Wufeng', '53-402');
insert into student (id_card, first_name, last_name, email, street, city, psc) values ('947659497', 'Yè', 'Orpen', 'corpend@symantec.com', '74 Blackbird Point', 'Bourg-en-Bresse', '53-402');
insert into student (id_card, first_name, last_name, email, street, city, psc) values ('922616564', 'Pål', 'Francisco', 'gfranciscoe@msu.edu', '488 Melody Lane', '‘Ūrīf', '53-402');
insert into student (id_card, first_name, last_name, email, street, city, psc) values ('937902057', 'Agnès', 'Kuhnel', 'ckuhnelf@clickbank.net', '20571 Utah Park', 'Bapska', '32235');
insert into student (id_card, first_name, last_name, email, street, city, psc) values ('180938115', 'Naëlle', 'Guymer', 'eguymerg@admin.ch', '6744 Summit Plaza', 'Yangzhong', '53-402');
insert into student (id_card, first_name, last_name, email, street, city, psc) values ('018827464', 'Zoé', 'Boodell', 'sboodellh@is.gd', '669 Montana Alley', 'Khamis Mushait', '53-402');
insert into student (id_card, first_name, last_name, email, street, city, psc) values ('677491998', 'Marlène', 'Stealey', 'rstealeyi@lulu.com', '52542 Nelson Alley', 'Piraju', '53-402');
insert into student (id_card, first_name, last_name, email, street, city, psc) values ('411416229', 'Cinéma', 'Prop', 'mpropj@github.com', '0188 Acker Street', 'Villeneuve-sur-Lot', '53-402');
insert into student (id_card, first_name, last_name, email, street, city, psc) values ('651060284', 'Clélia', 'Galbraeth', 'agalbraethk@senate.gov', '08 Pierstorff Drive', 'Shāhpur', '47261');
insert into student (id_card, first_name, last_name, email, street, city, psc) values ('159471171', 'Pénélope', 'Ellice', 'hellicel@shinystat.com', '61423 Tennessee Road', 'West Island', '53-402');
insert into student (id_card, first_name, last_name, email, street, city, psc) values ('465080757', 'Mélinda', 'Todeo', 'ctodeom@simplemachines.org', '6655 Hoepker Pass', 'Sukabumi', '53-402');
insert into student (id_card, first_name, last_name, email, street, city, psc) values ('913610403', 'Desirée', 'McCrisken', 'dmccriskenn@phpbb.com', '766 Bay Terrace', 'Araruama', '53-402');
insert into student (id_card, first_name, last_name, email, street, city, psc) values ('594248979', 'Maëly', 'Simonetto', 'ssimonettoo@vimeo.com', '10520 Basil Hill', 'Sukajadi', '53-402');
insert into student (id_card, first_name, last_name, email, street, city, psc) values ('460835993', 'Noëlla', 'Doram', 'gdoramp@vk.com', '730 Clemons Junction', 'Bo Phloi', '71160');
insert into student (id_card, first_name, last_name, email, street, city, psc) values ('657103385', 'Réservés', 'Ethersey', 'aetherseyq@hubpages.com', '8829 Donald Pass', 'Mataya', '9615');
insert into student (id_card, first_name, last_name, email, street, city, psc) values ('085758178', 'Salomé', 'Brenstuhl', 'ebrenstuhlr@arstechnica.com', '00 Sutteridge Pass', 'Al Bayḑā’', '53-402');
insert into student (id_card, first_name, last_name, email, street, city, psc) values ('325258872', 'Ruò', 'Fairest', 'ffairests@oakley.com', '94 Magdeline Street', 'Rennes', '53-402');
insert into student (id_card, first_name, last_name, email, street, city, psc) values ('645650728', 'Célestine', 'Probbin', 'dprobbint@wikimedia.org', '56 Muir Drive', 'San Juan Opico', '53-402');
insert into student (id_card, first_name, last_name, email, street, city, psc) values ('139150125', 'Béatrice', 'Buxey', 'hbuxeyu@desdev.cn', '56764 Eastwood Circle', 'Pavlivka', '53-402');
insert into student (id_card, first_name, last_name, email, street, city, psc) values ('453965151', 'Börje', 'Heenan', 'rheenanv@yelp.com', '73 Fuller Drive', 'Niedrzwica Duża', '24-220');
insert into student (id_card, first_name, last_name, email, street, city, psc) values ('228460453', 'Mélissandre', 'Poulsom', 'mpoulsomw@example.com', '309 Roth Parkway', 'Frankfort', '9830');
insert into student (id_card, first_name, last_name, email, street, city, psc) values ('466963979', 'Eliès', 'Klemencic', 'vklemencicx@imageshack.us', '694 Oakridge Lane', 'Egbe', '53-402');
insert into student (id_card, first_name, last_name, email, street, city, psc) values ('812218437', 'Mélodie', 'Akers', 'eakersy@usa.gov', '9 Di Loreto Lane', 'Néa Ionía', '53-402');
insert into student (id_card, first_name, last_name, email, street, city, psc) values ('665018139', 'Léana', 'Danit', 'kdanitz@ebay.co.uk', '16 Meadow Valley Pass', 'Jakšić', '34308');
insert into student (id_card, first_name, last_name, email, street, city, psc) values ('545679690', 'Réjane', 'Pennick', 'cpennick10@meetup.com', '752 Little Fleur Park', 'Sasnovy Bor', '53-402');
insert into student (id_card, first_name, last_name, email, street, city, psc) values ('021640768', 'Marie-hélène', 'Jellis', 'ajellis11@hatena.ne.jp', '3 Eastwood Terrace', 'Elassóna', '53-402');
insert into student (id_card, first_name, last_name, email, street, city, psc) values ('051060193', 'Angèle', 'Billo', 'jbillo12@google.com.au', '872 Ronald Regan Pass', 'Marseille', '53-402');
insert into student (id_card, first_name, last_name, email, street, city, psc) values ('623645238', 'Görel', 'Grimm', 'agrimm13@dagondesign.com', '025 Arkansas Park', 'Daireaux', '6555');
insert into student (id_card, first_name, last_name, email, street, city, psc) values ('031150723', 'Cléopatre', 'Arckoll', 'rarckoll14@zdnet.com', '32 Mallory Lane', 'Nahrīn', '53-402');
insert into student (id_card, first_name, last_name, email, street, city, psc) values ('484227138', 'Rachèle', 'Arrault', 'darrault15@t-online.de', '69 Mcguire Court', 'Khōst', '53-402');
insert into student (id_card, first_name, last_name, email, street, city, psc) values ('783898670', 'Lèi', 'Syrett', 'ssyrett16@ox.ac.uk', '5127 Colorado Street', 'Ipís', '10805');
insert into student (id_card, first_name, last_name, email, street, city, psc) values ('991851879', 'Annotés', 'Mulqueeny', 'amulqueeny17@123-reg.co.uk', '31584 Jenna Parkway', 'St. Catharines', 'L2P');
insert into student (id_card, first_name, last_name, email, street, city, psc) values ('283550494', 'Pò', 'Hawyes', 'ahawyes18@bloomberg.com', '3 Oak Valley Plaza', 'Sanghan', '1773');
insert into student (id_card, first_name, last_name, email, street, city, psc) values ('363057934', 'Illustrée', 'Wilkin', 'cwilkin19@free.fr', '40 Dakota Park', 'Liběšice', '506 01');
insert into student (id_card, first_name, last_name, email, street, city, psc) values ('330744298', 'Inès', 'Conen', 'econen1a@jigsy.com', '3 Raven Road', 'Munka-Ljungby', '266 91');
insert into student (id_card, first_name, last_name, email, street, city, psc) values ('753848678', 'Laïla', 'Gapper', 'hgapper1b@squarespace.com', '9 Chive Park', 'Neni', '53-402');
insert into student (id_card, first_name, last_name, email, street, city, psc) values ('832979060', 'Maïlys', 'Nodes', 'tnodes1c@taobao.com', '1 Morning Street', 'Farshūţ', '53-402');
insert into student (id_card, first_name, last_name, email, street, city, psc) values ('658158645', 'Magdalène', 'Letherbury', 'fletherbury1d@marriott.com', '84509 Park Meadow Parkway', 'El Paso', '88519');

--Study program data insert
insert into StudyProgram (id_school, name, description, capacity) values (26, 'Business Administration', 'Sed do eiusmod tempor incididunt ut labore et dolore magna aliqua.', 231);
insert into StudyProgram (id_school, name, description, capacity) values (20, 'English Literature', 'Sed do eiusmod tempor incididunt ut labore et dolore magna aliqua.', 134);
insert into StudyProgram (id_school, name, description, capacity) values (32, 'Mathematics', 'consectetur adipiscing elit.', 250);
insert into StudyProgram (id_school, name, description, capacity) values (8, 'Chemistry', 'Ut enim ad minim veniam', 123);
insert into StudyProgram (id_school, name, description, capacity) values (30, 'Biology', 'consectetur adipiscing elit.', 131);
insert into StudyProgram (id_school, name, description, capacity) values (34, 'Psychology', 'Sed do eiusmod tempor incididunt ut labore et dolore magna aliqua.', 228);
insert into StudyProgram (id_school, name, description, capacity) values (31, 'Biology', 'quis nostrud exercitation ullamco laboris nisi ut aliquip ex ea commodo consequat.', 113);
insert into StudyProgram  (id_school, name, description, capacity) values (26, 'Computer Science', 'Ut enim ad minim veniam', 45);
insert into StudyProgram  (id_school, name, description, capacity) values (13, 'Political Science', 'consectetur adipiscing elit.', 188);
insert into StudyProgram  (id_school, name, description, capacity) values (15, 'Biology', 'Ut enim ad minim veniam', 155);
insert into StudyProgram  (id_school, name, description, capacity) values (11, 'English Literature', 'consectetur adipiscing elit.', 84);
insert into StudyProgram  (id_school, name, description, capacity) values (20, 'English Literature', 'Sed do eiusmod tempor incididunt ut labore et dolore magna aliqua.', 221);
insert into StudyProgram  (id_school, name, description, capacity) values (48, 'English Literature', 'consectetur adipiscing elit.', 243);
insert into StudyProgram  (id_school, name, description, capacity) values (7, 'Psychology', 'Ut enim ad minim veniam', 190);
insert into StudyProgram  (id_school, name, description, capacity) values (31, 'Sociology', 'consectetur adipiscing elit.', 169);
insert into StudyProgram  (id_school, name, description, capacity) values (43, 'Sociology', 'Lorem ipsum dolor sit amet', 51);
insert into StudyProgram  (id_school, name, description, capacity) values (23, 'History', 'Ut enim ad minim veniam', 192);
insert into StudyProgram  (id_school, name, description, capacity) values (28, 'Psychology', 'Ut enim ad minim veniam', 220);
insert into StudyProgram  (id_school, name, description, capacity) values (38, 'English Literature', 'consectetur adipiscing elit.', 62);
insert into StudyProgram  (id_school, name, description, capacity) values (43, 'Political Science', 'consectetur adipiscing elit.', 224);
insert into StudyProgram  (id_school, name, description, capacity) values (22, 'Psychology', 'consectetur adipiscing elit.', 216);
insert into StudyProgram  (id_school, name, description, capacity) values (20, 'Chemistry', 'Ut enim ad minim veniam', 75);
insert into StudyProgram  (id_school, name, description, capacity) values (30, 'Computer Science', 'quis nostrud exercitation ullamco laboris nisi ut aliquip ex ea commodo consequat.', 195);
insert into StudyProgram  (id_school, name, description, capacity) values (39, 'History', 'Lorem ipsum dolor sit amet', 42);
insert into StudyProgram  (id_school, name, description, capacity) values (4, 'History', 'Sed do eiusmod tempor incididunt ut labore et dolore magna aliqua.', 211);
insert into StudyProgram  (id_school, name, description, capacity) values (3, 'Sociology', 'Ut enim ad minim veniam', 241);
insert into StudyProgram  (id_school, name, description, capacity) values (47, 'Computer Science', 'Sed do eiusmod tempor incididunt ut labore et dolore magna aliqua.', 50);
insert into StudyProgram  (id_school, name, description, capacity) values (30, 'History', 'quis nostrud exercitation ullamco laboris nisi ut aliquip ex ea commodo consequat.', 105);
insert into StudyProgram  (id_school, name, description, capacity) values (12, 'Psychology', 'consectetur adipiscing elit.', 199);
insert into StudyProgram  (id_school, name, description, capacity) values (47, 'Political Science', 'consectetur adipiscing elit.', 162);
insert into StudyProgram  (id_school, name, description, capacity) values (39, 'English Literature', 'quis nostrud exercitation ullamco laboris nisi ut aliquip ex ea commodo consequat.', 228);
insert into StudyProgram  (id_school, name, description, capacity) values (35, 'Computer Science', 'Ut enim ad minim veniam', 239);
insert into StudyProgram  (id_school, name, description, capacity) values (11, 'English Literature', 'quis nostrud exercitation ullamco laboris nisi ut aliquip ex ea commodo consequat.', 58);
insert into StudyProgram  (id_school, name, description, capacity) values (42, 'Sociology', 'Lorem ipsum dolor sit amet', 58);
insert into StudyProgram  (id_school, name, description, capacity) values (43, 'Mathematics', 'consectetur adipiscing elit.', 196);
insert into StudyProgram  (id_school, name, description, capacity) values (27, 'History', 'Ut enim ad minim veniam', 110);
insert into StudyProgram  (id_school, name, description, capacity) values (12, 'Computer Science', 'Lorem ipsum dolor sit amet', 183);
insert into StudyProgram  (id_school, name, description, capacity) values (27, 'Mathematics', 'consectetur adipiscing elit.', 149);
insert into StudyProgram  (id_school, name, description, capacity) values (45, 'Chemistry', 'Ut enim ad minim veniam', 186);
insert into StudyProgram  (id_school, name, description, capacity) values (41, 'Sociology', 'Sed do eiusmod tempor incididunt ut labore et dolore magna aliqua.', 65);
insert into StudyProgram  (id_school, name, description, capacity) values (17, 'History', 'consectetur adipiscing elit.', 130);
insert into StudyProgram  (id_school, name, description, capacity) values (21, 'Political Science', 'Ut enim ad minim veniam', 196);
insert into StudyProgram  (id_school, name, description, capacity) values (18, 'Political Science', 'Lorem ipsum dolor sit amet', 88);
insert into StudyProgram  (id_school, name, description, capacity) values (11, 'History', 'Ut enim ad minim veniam', 227);
insert into StudyProgram  (id_school, name, description, capacity) values (22, 'Business Administration', 'quis nostrud exercitation ullamco laboris nisi ut aliquip ex ea commodo consequat.', 179);
insert into StudyProgram  (id_school, name, description, capacity) values (8, 'Mathematics', 'consectetur adipiscing elit.', 47);
insert into StudyProgram  (id_school, name, description, capacity) values (26, 'English Literature', 'consectetur adipiscing elit.', 65);
insert into StudyProgram  (id_school, name, description, capacity) values (21, 'Computer Science', 'consectetur adipiscing elit.', 39);
insert into StudyProgram  (id_school, name, description, capacity) values (17, 'Business Administration', 'Sed do eiusmod tempor incididunt ut labore et dolore magna aliqua.', 87);
insert into StudyProgram  (id_school, name, description, capacity) values (36, 'Business Administration', 'consectetur adipiscing elit.', 191);

--Application form data insert
insert into ApplicationForm (id_student, date_submit) values ('874147670', '12/18/2022');
insert into ApplicationForm (id_student, date_submit) values ('874147670', '11/14/2022');
insert into ApplicationForm (id_student, date_submit) values ('347329231', '01/31/2023');
insert into ApplicationForm (id_student, date_submit) values ('347329231', '01/10/2023');
insert into ApplicationForm (id_student, date_submit) values ('829392824', '07/23/2023');
insert into ApplicationForm (id_student, date_submit) values ('829392824', '05/23/2023');
insert into ApplicationForm (id_student, date_submit) values ('669370818', '11/11/2023');
insert into ApplicationForm (id_student, date_submit) values ('669370818', '10/27/2023');
insert into ApplicationForm (id_student, date_submit) values ('651060284', '11/13/2022');
insert into ApplicationForm (id_student, date_submit) values ('651060284', '09/13/2023');

--Program/Application data insert
insert into ProgramApplication (id_form, id_program) values (1, 2);
insert into ProgramApplication (id_form, id_program) values (1, 3);
insert into ProgramApplication (id_form, id_program) values (1, 4);
insert into ProgramApplication (id_form, id_program) values (2, 7);
insert into ProgramApplication (id_form, id_program) values (2, 6);
insert into ProgramApplication (id_form, id_program) values (2, 3);
insert into ProgramApplication (id_form, id_program) values (3, 8);
insert into ProgramApplication (id_form, id_program) values (4, 9);
insert into ProgramApplication (id_form, id_program) values (5, 10);
